Review Period,Sector,Financials As Of Date,# of Counterparties,Adjusted,Status,id
2015Q4,U.S. Bank Scorecard,31-Dec-15,1709,39,Approved,1
2018Q3,U.S. Bank Scorecard,30-Sep-18,1716,16,Approved,2
2018Q2,U.S. Bank Scorecard,30-Jun-18,1727,14,Approved,3
2018Q1,U.S. Bank Scorecard,31-Mar-18,1727,11,Approved,4
2017Q3,U.S. Bank Scorecard,30-Sep-17,1751,8,Approved,5
2017Q2,U.S. Bank Scorecard,30-Jun-17,1751,11,Approved,6
2017Q1,U.S. Bank Scorecard,31-Mar-17,1759,15,Approved,7
2016Q4,U.S. Bank Scorecard,31-Dec-16,1765,24,Approved,8
2016Q3,U.S. Bank Scorecard,30-Sep-16,1777,47,Approved,9
2016Q2,U.S. Bank Scorecard,30-Jun-16,1788,25,Approved,10
2016Q1,U.S. Bank Scorecard,31-Mar-16,1802,23,Approved,11
2015Q3,U.S. Bank Scorecard,30-Sep-15,1813,60,Approved,12
2016,Broker Dealer,30-Sep-16,2,1,Approved,13
2018Q2,U.S. Bank Holding Company Scorecard,30-Jun-18,235,1,Approved,14
2015Q3,U.S. Bank Holding Company Scorecard,30-Sep-15,237,18,Approved,15
2016Q3,U.S. Bank Holding Company Scorecard,30-Sep-16,239,5,Approved,16
2016Q1,U.S. Bank Holding Company Scorecard,31-Mar-16,243,3,Approved,17
2016Q4,U.S. Bank Holding Company Scorecard,31-Dec-16,244,5,Approved,18
2015Q4,U.S. Bank Holding Company Scorecard,31-Dec-15,248,12,Approved,19
2016Q4,Mortgage Bank,31-Dec-16,26,6,Approved,20
2016Q2,Mortgage Bank,30-Jun-16,28,5,Approved,21
2016,Broker Dealer,31-Mar-16,3,2,Approved,22
2014,Broker Dealer,31-Dec-14,3,3,Assigned,23
2016Q3,Mortgage Bank,30-Sep-16,34,3,Approved,24
2016Q1,Mortgage Bank,31-Mar-16,559,145,Approved,25
2015Q4,Mortgage Bank,31-Dec-15,560,202,Approved,26
2016Q2,Mortgage Bank,30-Jun-16,567,129,Approved,27
2017Q1,Mortgage Bank,31-Mar-17,568,111,Approved,28
2016Q3,Mortgage Bank,30-Sep-16,568,114,Approved,29
2016Q4,Mortgage Bank,31-Dec-16,571,112,Approved,30
2018Q2,Mortgage Bank,30-Jun-18,576,84,Approved,31
2017Q2,Mortgage Bank,30-Jun-17,579,106,Approved,32
2018Q3,Mortgage Bank,30-Sep-18,580,98,Approved,33
2018Q1,Mortgage Bank,31-Mar-18,582,112,Approved,34
2015Q2,Mortgage Bank,30-Jun-15,582,526,Approved,35
2017Q4,Mortgage Bank,31-Dec-17,586,126,Approved,36
2017Q3,Mortgage Bank,30-Sep-17,589,129,Approved,37
2017,Broker Dealer,31-Dec-17,62,10,Approved,38
2015Q3,Credit Union,30-Sep-15,623,5,Approved,39
2015Q4,Credit Union,31-Dec-15,625,5,Approved,40
2016Q1,Credit Union,31-Mar-16,628,4,Approved,41
2016Q4,Credit Union,31-Dec-16,629,2,Approved,42
2016Q2,Credit Union,30-Jun-16,636,4,Approved,43
2016Q3,Credit Union,30-Sep-16,641,2,Approved,44
2017Q1,Credit Union,31-Mar-17,643,5,Approved,45
2016,Broker Dealer,31-Dec-16,65,20,Approved,46
2017Q4,Credit Union,31-Dec-17,650,2,Approved,47
2017Q3,Credit Union,30-Sep-17,650,2,Approved,48
2018Q1,Credit Union,31-Mar-18,655,1,Approved,49
2018Q2,Credit Union,30-Jun-18,657,9,Approved,50
2018Q3,Credit Union,30-Sep-18,662,7,Approved,51
2015,Broker Dealer,31-Dec-15,69,39,Approved,52
