Review Period,Sector,Financials As Of Date,# of Counterparties,Adjusted,Status
2015Q4,U.S. Bank Scorecard,31-DEC-15,1709,39,Approved
2018Q3,U.S. Bank Scorecard,30-SEP-18,1716,16,Approved
2018Q2,U.S. Bank Scorecard,30-JUN-18,1727,14,Approved
2018Q1,U.S. Bank Scorecard,31-MAR-18,1727,11,Approved
2017Q3,U.S. Bank Scorecard,30-SEP-17,1751,8,Approved
2017Q2,U.S. Bank Scorecard,30-JUN-17,1751,11,Approved
2017Q1,U.S. Bank Scorecard,31-MAR-17,1759,15,Approved
2016Q4,U.S. Bank Scorecard,31-DEC-16,1765,24,Approved
2016Q3,U.S. Bank Scorecard,30-SEP-16,1777,47,Approved
2016Q2,U.S. Bank Scorecard,30-JUN-16,1788,25,Approved
2016Q1,U.S. Bank Scorecard,31-MAR-16,1802,23,Approved
2015Q3,U.S. Bank Scorecard,30-SEP-15,1813,60,Approved
2016,Broker Dealer,30-SEP-16,2,1,Approved
2018Q2,U.S. Bank Holding Company Scorecard,30-JUN-18,235,1,Approved
2015Q3,U.S. Bank Holding Company Scorecard,30-SEP-15,237,18,Approved
2016Q3,U.S. Bank Holding Company Scorecard,30-SEP-16,239,5,Approved
2016Q1,U.S. Bank Holding Company Scorecard,31-MAR-16,243,3,Approved
2016Q4,U.S. Bank Holding Company Scorecard,31-DEC-16,244,5,Approved
2015Q4,U.S. Bank Holding Company Scorecard,31-DEC-15,248,12,Approved
2016Q4,Mortgage Bank,31-DEC-16,26,6,Approved
2016Q2,Mortgage Bank,30-JUN-16,28,5,Approved
2016,Broker Dealer,31-MAR-16,3,2,Approved
2014,Broker Dealer,31-DEC-14,3,3,Assigned
2016Q3,Mortgage Bank,30-SEP-16,34,3,Approved
2016Q1,Mortgage Bank,31-MAR-16,559,145,Approved
2015Q4,Mortgage Bank,31-DEC-15,560,202,Approved
2016Q2,Mortgage Bank,30-JUN-16,567,129,Approved
2017Q1,Mortgage Bank,31-MAR-17,568,111,Approved
2016Q3,Mortgage Bank,30-SEP-16,568,114,Approved
2016Q4,Mortgage Bank,31-DEC-16,571,112,Approved
2018Q2,Mortgage Bank,30-JUN-18,576,84,Approved
2017Q2,Mortgage Bank,30-JUN-17,579,106,Approved
2018Q3,Mortgage Bank,30-SEP-18,580,98,Approved
2018Q1,Mortgage Bank,31-MAR-18,582,112,Approved
2015Q2,Mortgage Bank,30-JUN-15,582,526,Approved
2017Q4,Mortgage Bank,31-DEC-17,586,126,Approved
2017Q3,Mortgage Bank,30-SEP-17,589,129,Approved
2017,Broker Dealer,31-DEC-17,62,10,Approved
2015Q3,Credit Union,30-SEP-15,623,5,Approved
2015Q4,Credit Union,31-DEC-15,625,5,Approved
2016Q1,Credit Union,31-MAR-16,628,4,Approved
2016Q4,Credit Union,31-DEC-16,629,2,Approved
2016Q2,Credit Union,30-JUN-16,636,4,Approved
2016Q3,Credit Union,30-SEP-16,641,2,Approved
2017Q1,Credit Union,31-MAR-17,643,5,Approved
2016,Broker Dealer,31-DEC-16,65,20,Approved
2017Q4,Credit Union,31-DEC-17,650,2,Approved
2017Q3,Credit Union,30-SEP-17,650,2,Approved
2018Q1,Credit Union,31-MAR-18,655,1,Approved
2018Q2,Credit Union,30-JUN-18,657,9,Approved
2018Q3,Credit Union,30-SEP-18,662,7,Approved
2015,Broker Dealer,31-DEC-15,69,39,Approved
