[
 {
   "Review Period": "2015Q4",
   "Sector": "U.S. Bank Scorecard",
   "Financials As Of Date": "31-DEC-15",
   "# of Counterparties": 1709,
   "Adjusted": 39,
   "Status": "Approved"
 },
 {
   "Review Period": "2018Q3",
   "Sector": "U.S. Bank Scorecard",
   "Financials As Of Date": "30-SEP-18",
   "# of Counterparties": 1716,
   "Adjusted": 16,
   "Status": "Approved"
 },
 {
   "Review Period": "2018Q2",
   "Sector": "U.S. Bank Scorecard",
   "Financials As Of Date": "30-JUN-18",
   "# of Counterparties": 1727,
   "Adjusted": 14,
   "Status": "Approved"
 },
 {
   "Review Period": "2018Q1",
   "Sector": "U.S. Bank Scorecard",
   "Financials As Of Date": "31-MAR-18",
   "# of Counterparties": 1727,
   "Adjusted": 11,
   "Status": "Approved"
 },
 {
   "Review Period": "2017Q3",
   "Sector": "U.S. Bank Scorecard",
   "Financials As Of Date": "30-SEP-17",
   "# of Counterparties": 1751,
   "Adjusted": 8,
   "Status": "Approved"
 },
 {
   "Review Period": "2017Q2",
   "Sector": "U.S. Bank Scorecard",
   "Financials As Of Date": "30-JUN-17",
   "# of Counterparties": 1751,
   "Adjusted": 11,
   "Status": "Approved"
 },
 {
   "Review Period": "2017Q1",
   "Sector": "U.S. Bank Scorecard",
   "Financials As Of Date": "31-MAR-17",
   "# of Counterparties": 1759,
   "Adjusted": 15,
   "Status": "Approved"
 },
 {
   "Review Period": "2016Q4",
   "Sector": "U.S. Bank Scorecard",
   "Financials As Of Date": "31-DEC-16",
   "# of Counterparties": 1765,
   "Adjusted": 24,
   "Status": "Approved"
 },
 {
   "Review Period": "2016Q3",
   "Sector": "U.S. Bank Scorecard",
   "Financials As Of Date": "30-SEP-16",
   "# of Counterparties": 1777,
   "Adjusted": 47,
   "Status": "Approved"
 },
 {
   "Review Period": "2016Q2",
   "Sector": "U.S. Bank Scorecard",
   "Financials As Of Date": "30-JUN-16",
   "# of Counterparties": 1788,
   "Adjusted": 25,
   "Status": "Approved"
 },
 {
   "Review Period": "2016Q1",
   "Sector": "U.S. Bank Scorecard",
   "Financials As Of Date": "31-MAR-16",
   "# of Counterparties": 1802,
   "Adjusted": 23,
   "Status": "Approved"
 },
 {
   "Review Period": "2015Q3",
   "Sector": "U.S. Bank Scorecard",
   "Financials As Of Date": "30-SEP-15",
   "# of Counterparties": 1813,
   "Adjusted": 60,
   "Status": "Approved"
 },
 {
   "Review Period": "2016",
   "Sector": "Broker Dealer",
   "Financials As Of Date": "30-SEP-16",
   "# of Counterparties": 2,
   "Adjusted": 1,
   "Status": "Approved"
 },
 {
   "Review Period": "2018Q2",
   "Sector": "U.S. Bank Holding Company Scorecard",
   "Financials As Of Date": "30-JUN-18",
   "# of Counterparties": 235,
   "Adjusted": 1,
   "Status": "Approved"
 },
 {
   "Review Period": "2015Q3",
   "Sector": "U.S. Bank Holding Company Scorecard",
   "Financials As Of Date": "30-SEP-15",
   "# of Counterparties": 237,
   "Adjusted": 18,
   "Status": "Approved"
 },
 {
   "Review Period": "2016Q3",
   "Sector": "U.S. Bank Holding Company Scorecard",
   "Financials As Of Date": "30-SEP-16",
   "# of Counterparties": 239,
   "Adjusted": 5,
   "Status": "Approved"
 },
 {
   "Review Period": "2016Q1",
   "Sector": "U.S. Bank Holding Company Scorecard",
   "Financials As Of Date": "31-MAR-16",
   "# of Counterparties": 243,
   "Adjusted": 3,
   "Status": "Approved"
 },
 {
   "Review Period": "2016Q4",
   "Sector": "U.S. Bank Holding Company Scorecard",
   "Financials As Of Date": "31-DEC-16",
   "# of Counterparties": 244,
   "Adjusted": 5,
   "Status": "Approved"
 },
 {
   "Review Period": "2015Q4",
   "Sector": "U.S. Bank Holding Company Scorecard",
   "Financials As Of Date": "31-DEC-15",
   "# of Counterparties": 248,
   "Adjusted": 12,
   "Status": "Approved"
 },
 {
   "Review Period": "2016Q4",
   "Sector": "Mortgage Bank",
   "Financials As Of Date": "31-DEC-16",
   "# of Counterparties": 26,
   "Adjusted": 6,
   "Status": "Approved"
 },
 {
   "Review Period": "2016Q2",
   "Sector": "Mortgage Bank",
   "Financials As Of Date": "30-JUN-16",
   "# of Counterparties": 28,
   "Adjusted": 5,
   "Status": "Approved"
 },
 {
   "Review Period": "2016",
   "Sector": "Broker Dealer",
   "Financials As Of Date": "31-MAR-16",
   "# of Counterparties": 3,
   "Adjusted": 2,
   "Status": "Approved"
 },
 {
   "Review Period": "2014",
   "Sector": "Broker Dealer",
   "Financials As Of Date": "31-DEC-14",
   "# of Counterparties": 3,
   "Adjusted": 3,
   "Status": "Assigned"
 },
 {
   "Review Period": "2016Q3",
   "Sector": "Mortgage Bank",
   "Financials As Of Date": "30-SEP-16",
   "# of Counterparties": 34,
   "Adjusted": 3,
   "Status": "Approved"
 },
 {
   "Review Period": "2016Q1",
   "Sector": "Mortgage Bank",
   "Financials As Of Date": "31-MAR-16",
   "# of Counterparties": 559,
   "Adjusted": 145,
   "Status": "Approved"
 },
 {
   "Review Period": "2015Q4",
   "Sector": "Mortgage Bank",
   "Financials As Of Date": "31-DEC-15",
   "# of Counterparties": 560,
   "Adjusted": 202,
   "Status": "Approved"
 },
 {
   "Review Period": "2016Q2",
   "Sector": "Mortgage Bank",
   "Financials As Of Date": "30-JUN-16",
   "# of Counterparties": 567,
   "Adjusted": 129,
   "Status": "Approved"
 },
 {
   "Review Period": "2017Q1",
   "Sector": "Mortgage Bank",
   "Financials As Of Date": "31-MAR-17",
   "# of Counterparties": 568,
   "Adjusted": 111,
   "Status": "Approved"
 },
 {
   "Review Period": "2016Q3",
   "Sector": "Mortgage Bank",
   "Financials As Of Date": "30-SEP-16",
   "# of Counterparties": 568,
   "Adjusted": 114,
   "Status": "Approved"
 },
 {
   "Review Period": "2016Q4",
   "Sector": "Mortgage Bank",
   "Financials As Of Date": "31-DEC-16",
   "# of Counterparties": 571,
   "Adjusted": 112,
   "Status": "Approved"
 },
 {
   "Review Period": "2018Q2",
   "Sector": "Mortgage Bank",
   "Financials As Of Date": "30-JUN-18",
   "# of Counterparties": 576,
   "Adjusted": 84,
   "Status": "Approved"
 },
 {
   "Review Period": "2017Q2",
   "Sector": "Mortgage Bank",
   "Financials As Of Date": "30-JUN-17",
   "# of Counterparties": 579,
   "Adjusted": 106,
   "Status": "Approved"
 },
 {
   "Review Period": "2018Q3",
   "Sector": "Mortgage Bank",
   "Financials As Of Date": "30-SEP-18",
   "# of Counterparties": 580,
   "Adjusted": 98,
   "Status": "Approved"
 },
 {
   "Review Period": "2018Q1",
   "Sector": "Mortgage Bank",
   "Financials As Of Date": "31-MAR-18",
   "# of Counterparties": 582,
   "Adjusted": 112,
   "Status": "Approved"
 },
 {
   "Review Period": "2015Q2",
   "Sector": "Mortgage Bank",
   "Financials As Of Date": "30-JUN-15",
   "# of Counterparties": 582,
   "Adjusted": 526,
   "Status": "Approved"
 },
 {
   "Review Period": "2017Q4",
   "Sector": "Mortgage Bank",
   "Financials As Of Date": "31-DEC-17",
   "# of Counterparties": 586,
   "Adjusted": 126,
   "Status": "Approved"
 },
 {
   "Review Period": "2017Q3",
   "Sector": "Mortgage Bank",
   "Financials As Of Date": "30-SEP-17",
   "# of Counterparties": 589,
   "Adjusted": 129,
   "Status": "Approved"
 },
 {
   "Review Period": "2017",
   "Sector": "Broker Dealer",
   "Financials As Of Date": "31-DEC-17",
   "# of Counterparties": 62,
   "Adjusted": 10,
   "Status": "Approved"
 },
 {
   "Review Period": "2015Q3",
   "Sector": "Credit Union",
   "Financials As Of Date": "30-SEP-15",
   "# of Counterparties": 623,
   "Adjusted": 5,
   "Status": "Approved"
 },
 {
   "Review Period": "2015Q4",
   "Sector": "Credit Union",
   "Financials As Of Date": "31-DEC-15",
   "# of Counterparties": 625,
   "Adjusted": 5,
   "Status": "Approved"
 },
 {
   "Review Period": "2016Q1",
   "Sector": "Credit Union",
   "Financials As Of Date": "31-MAR-16",
   "# of Counterparties": 628,
   "Adjusted": 4,
   "Status": "Approved"
 },
 {
   "Review Period": "2016Q4",
   "Sector": "Credit Union",
   "Financials As Of Date": "31-DEC-16",
   "# of Counterparties": 629,
   "Adjusted": 2,
   "Status": "Approved"
 },
 {
   "Review Period": "2016Q2",
   "Sector": "Credit Union",
   "Financials As Of Date": "30-JUN-16",
   "# of Counterparties": 636,
   "Adjusted": 4,
   "Status": "Approved"
 },
 {
   "Review Period": "2016Q3",
   "Sector": "Credit Union",
   "Financials As Of Date": "30-SEP-16",
   "# of Counterparties": 641,
   "Adjusted": 2,
   "Status": "Approved"
 },
 {
   "Review Period": "2017Q1",
   "Sector": "Credit Union",
   "Financials As Of Date": "31-MAR-17",
   "# of Counterparties": 643,
   "Adjusted": 5,
   "Status": "Approved"
 },
 {
   "Review Period": "2016",
   "Sector": "Broker Dealer",
   "Financials As Of Date": "31-DEC-16",
   "# of Counterparties": 65,
   "Adjusted": 20,
   "Status": "Approved"
 },
 {
   "Review Period": "2017Q4",
   "Sector": "Credit Union",
   "Financials As Of Date": "31-DEC-17",
   "# of Counterparties": 650,
   "Adjusted": 2,
   "Status": "Approved"
 },
 {
   "Review Period": "2017Q3",
   "Sector": "Credit Union",
   "Financials As Of Date": "30-SEP-17",
   "# of Counterparties": 650,
   "Adjusted": 2,
   "Status": "Approved"
 },
 {
   "Review Period": "2018Q1",
   "Sector": "Credit Union",
   "Financials As Of Date": "31-MAR-18",
   "# of Counterparties": 655,
   "Adjusted": 1,
   "Status": "Approved"
 },
 {
   "Review Period": "2018Q2",
   "Sector": "Credit Union",
   "Financials As Of Date": "30-JUN-18",
   "# of Counterparties": 657,
   "Adjusted": 9,
   "Status": "Approved"
 },
 {
   "Review Period": "2018Q3",
   "Sector": "Credit Union",
   "Financials As Of Date": "30-SEP-18",
   "# of Counterparties": 662,
   "Adjusted": 7,
   "Status": "Approved"
 },
 {
   "Review Period": "2015",
   "Sector": "Broker Dealer",
   "Financials As Of Date": "31-DEC-15",
   "# of Counterparties": 69,
   "Adjusted": 39,
   "Status": "Approved"
 }
]